slot,FIRTTECH_ID,名称,class_加18,route_加20,兼容实现中性路由名,作者说明
0,0x15A,非天死潭,1,0,对向八槽组,
1,0x17C,封炎滅陣,2,0,对向八槽组,炎獸封豨的絕技之一，能將敵方全體封入焚炎離火之陣中，以高熱將其焚炙致死。
2,0x1C2,反咒禁制,4,2,双八槽组,能為己方辟禦所有咒術的神妙禁制，在承受一定程度的術法之力或時限已至時便會消失。
3,0x1C9,閾迦封界,4,1,同侧八槽组,幽神羅鍭的至高秘法，能張開難摧不破的「閾迦封界」，保護所有伙伴不受兵刃咒法之害。
4,0x1CA,鬼唳天幕,4,0,对向八槽组,在敵陣中引聚幽魄為界，這幽魄之界會蔽光蝕靈，使敵人施展的神光和治癒咒術全都失效。
5,0x1CD,幽魄厲界,4,0,对向八槽组,在敵陣中引聚幽魄為界，這幽魄之界會蔽光蝕靈，使敵人施展的神光和治癒咒術全都失效。
6,0x1CE,六甲神儀,4,1,同侧八槽组,能為己方辟禦所有兵刃武技之擊的神妙護界，在承受一定程度的攻擊或時限已至時便會消失。
7,0x1CF,時輪返陣,4,1,同侧八槽组,此咒能以玄機妙法操動時輪之律，在其時效內使己方全員蓄勁行動的速度增為原有的三倍。
8,0x1D1,鬼縛之陣,4,0,对向八槽组,此咒可在敵陣之下引來怨厲鬼氣纏縛敵人，使其動作減慢並無法使用技法之外的一般攻擊。
