物理记录索引,物品ID,物品ID十六进制,名称,Ail2+0x38_威力攻侧修正,Ail2+0x3C_防禦护侧修正,说明
0,0,0x0,,0,0,
1,1,0x1,護身匕首,90,0,鋒利的隨身短刀，一般人常用以護身的武器。除了輕薄易於攜帶外並沒什麼特點。
2,2,0x2,古銅懷刀,140,0,從古墓中掘出的銅製短刀，刻紋精美。雖然威力有限，但擊中要害的機率頗高。
3,3,0x3,精鋼短劍,200,0,由精鋼打造的短劍，雖較匕首沈重，但堅固鋒利，為術士所愛用。
4,4,0x4,牙雕勾劍,240,0,以大馬士革鋼打造的刀身加上象牙刀柄，就是這把頗具異國風味的彎刀，有極佳的命中率。
5,5,0x5,朱綸祭劍,300,0,在祭典儀式中所使用的短刀，對持用者靈力有著相當的增幅效果。
6,6,0x6,黑玉短刀,350,0,黑玉雕成的奇形短劍，外型古拙，有著不錯的威力。並且能夠防護黑暗力量的攻擊。
7,7,0x7,辟邪玉劍,420,0,刃身由白玉雕成的短劍，雖然不甚鋒利，但據信有辟邪之效。
8,8,0x8,紫金短劍,480,0,由削鐵如泥的紫金所打造的厚重短劍。並有化解雷電力量的特效。
9,9,0x9,封魂鬼刃,680,0,用地獄惡鬼之骨所製成的魔刀。被魔刀擊中的敵人，將被惡鬼之力所束縛。
10,10,0xA,三索蛇劍,620,0,有如三隻毒蛇所交纏而成的異形兵器，兼之鋒刃所餵之劇毒，常令敵人難以閃避。
11,11,0xB,翡翠短刀,550,0,整柄刀由具有護身奇效的綠色翡翠所雕成，能夠使持用者不被邪惡力量所侵襲。
12,12,0xC,陰陽幻刃,850,0,以玄法融封陰陽二氣的奇劍，能同時納辟凜冰烈火兩種咒術之力，並具防止寒冰封體之能。
13,13,0xD,封儀祭劍,690,0,刻有奇異的渦捲條紋，用來行使儀法的高級祭劍。擊中的同時可將敵人的靈力封印。
14,14,0xE,血髓劍,760,0,具有生命力的妖劍，在白玉般的劍身中所透出的血髓，將吸盡敵人的精血。
15,15,0xF,九煉邪刃,900,-100,充滿邪靈恐怖力量的短劍，不但讓持有者狂暴，更會吞噬敵人的靈魂轉化成力量。
16,16,0x10,計都荒寰,990,0,掌控著月蝕之力的幽界奇兵，敵人將陷入永劫的黑暗與寂靜，難以躲避致命的攻擊。
17,17,0x11,凜日神刀,1300,0,日蝕之力的絕對象徵，燃燒著黑炎的焚天之刃，帶有君臨雙界的至高魔力。
18,18,0x12,,0,0,
19,19,0x13,,0,0,
20,20,0x14,,0,0,
21,21,0x15,長劍,120,0,江湖上常見的長刃兵器，非常易於使用，有劈刺挑點等多種變化。
22,22,0x16,青釭劍,180,0,外泛綠光的精鐵名曰青釭。用這精鐵青釭打造的長劍要比尋常長劍鋒利許多。
23,23,0x17,沈碧劍,260,0,據說在煉鐵鑄劍時混入碧晶，可使劍身的鐵胎更韌，鋒利與堅固俱增。
24,24,0x18,飛虹劍,370,0,因為劍身透有五彩光澤，故有飛虹之名的薄身長劍。舞動起來相當輕快，毫不遲滯。
25,25,0x19,紫金劍,400,0,紫金素具辟邪之能，混入紫金打造的長劍乃是除魔之士愛用的武器。
26,26,0x1A,靈劍朱雀,500,0,傳說中四方聖獸之一的朱雀幻化而成的神劍，劍身通紅，舞動奇速。
27,27,0x1B,鬼斬刃,540,0,昔日為斬鬼而打造的大劍，沈重無鋒，只有身懷神力之士才能舞動。
28,28,0x1C,玄鐵劍,750,0,玄鐵極沈重且無堅不摧，以此打造的重劍不但威力卓絕也極為罕見。
29,29,0x1D,雷熒劍,630,0,劍刃閃爍藍紫色雷光的神兵，劈擊敵人時紫電灼然，兼具使敵體身受電灼麻痺之效。
30,30,0x1E,荒劍化魄,690,0,以天外異石封入五荒化魄煉製的奇劍，不獨外型怪異，本身也具有各種奇異之效。
31,31,0x1F,冰魄雲緲,790,0,劍身剔透如冰，周圍縈繞寒緲霧氣的奇劍，不但輕捷鋒利，且具以寒氣封凍敵體之能。
32,32,0x20,紅蓮劫焰,900,0,傳說是天界神兵之一的火劍，其外常有紅蓮血焰飄捲，兼具刃擊與辟火逐炎之能。
33,33,0x21,幽煌羅劍,950,0,散發黑色靈氣的紫黑色奇形巨劍，並非出於凡人之手，據說曾是地界某著名魔將的兵器。
34,34,0x22,邪煌霸劍,990,-90,與九儀天尊之劍相提並論的天下第一邪劍，會驅使持取者一昧狂攻妄擊，因而疏於護禦。
35,35,0x23,古劍龍皇,1090,0,劍身上印鑄龍形的威猛古劍，據說是古時用來辟邪除魔的神兵利器，其力能撼動天地。
36,36,0x24,幻劍煌熇,2000,0,『燁煌』與『煌熇』兩把幻劍融合後的真正姿態，是幽神羅鍭以明荒絕煞封鑄的至烈之劍。
37,37,0x25,紫金劍,200,-100,高老丈的遺物，是由少見的紫金所鑄的重劍，可惜劍身已經破損，無法再承受劇戰的損耗。
38,38,0x26,幻劍煌熇,1100,0,當初由於戾性過重無法控制，被羅鍭神自幻劍分離出去的『形』，是幻劍的真力所在。
39,39,0x27,古劍龍形,410,0,形似古劍龍皇的偽物，威力和真品自然是天差地遠，但據說其中也藏有未知的祕密。
40,40,0x28,,0,0,
41,41,0x29,白絹索帶,100,0,封鈴笙慣用的奇門兵器，雖是尋常的絹索但亦柔亦剛，兼可遠擊敵手。
42,42,0x2A,素綢靈索,150,0,以未染的生絲所織的綢索，不但質輕堅韌，更具有驅凶辟邪之力。
43,43,0x2B,黃纏明錦,220,0,由素染亮黃的細錦交纏而成的索帶，輕柔軟韌，較尋常索帶更易使用。
44,44,0x2C,紫絹金索,320,0,紫色素有辟邪之效，以金絲混紡後倍加堅韌，更利揮舞遠擊。
45,45,0x2D,銀華月緞,360,0,月白色的淡藍緞子，表面微映藍白色的珍珠光澤，質地堅韌靈動，是一般索帶中的極品。
46,46,0x2E,冰蠶玉帶,440,0,由珍罕的冰蠶絲織成的純白索帶，揮動之時寒氣隨帶四散，亦稍具吸取凜氣之能。
47,47,0x2F,破魔朱綾,500,0,施過淨法清禊、上繡經文的朱紅綾索，當作索帶舞擲之時，對妖魔之屬有意想不到的效果。
48,48,0x30,凝玉紗索,650,0,乍看之下和尋常亮紗類似，其實是以無數細小玉塊交串而成，雖較沈重但威力亦強。
49,49,0x31,火浣銀紗,580,0,由天界珍物火浣紗織成的索帶，耐火而堅韌，對妖物也極是有效。
50,50,0x32,天瑞珠索,700,0,織串有多種辟邪珠翠的珠索，威力極強，但較沈重而不易揮使。
51,51,0x33,縛魂黑鎖,740,0,據說是由無數人髮織續而成的妖異索帶，本身帶有極強的怨念，能令對手身遭定縛之效。
52,52,0x34,雷絳紋帛,800,0,以獨特織紋集引雷煌咒力的神異帛索，揮舞時能以雷灼使敵麻痺，兼具辟雷避電之能。
53,53,0x35,瓏華千紗,880,0,極細極薄、宛如無物的半透明紗索，其上映有千百色澤，令對手目眩神馳，頓失心念靈智。
54,54,0x36,七色彩絹,910,0,據說是天女神舞時所用的彩絹，代表女媧神的七色具有無窮神力，非修法之人不可使用。
55,55,0x37,熾凰紅紉,1000,0,混鳳凰羽毛織成的紅色索帶，帶上花樣有如鳳凰之尾，揮動時紅光撲面，具辟炎逐焰之效。
56,56,0x38,瑤光綾索,1100,0,輝白如光的綾帶，據說是天上的天女所織，舞動之時輝映有如天光迴照，令妖魔遮眼畏避。
57,57,0x39,,0,0,
58,58,0x3A,,0,0,
59,59,0x3B,,0,0,
60,60,0x3C,,0,0,
61,61,0x3D,鐵槍,160,0,鐵簇木柄的短槍，輕便易使，是騎兵所愛用的兵刃。
62,62,0x3E,鋼戰戟,170,0,以全鋼打造而成的戰戟，雖然威猛沈厲，但不易揮使是其缺點。
63,63,0x3F,朱纓槍,240,0,槍頭附上紅纓的木柄長槍，可單手或雙手握使，是騎兵的武器之一。
64,64,0x40,嘯風槍,350,0,刃頭經過巧匠配重鑄型的短槍，舞動時會呼嘯作聲，因而得名。
65,65,0x41,鐵騎槍,390,0,西夏鐵騎精銳特別配用的鐵槍，通體以精鐵鑄成、沈重難使，但威力遠勝過一般長槍。
66,66,0x42,黑玉短戈,530,0,鑲以黑玉刃端的短戈，不但堅固耐用，而且破甲裂冑之能勝過尋常鋼鐵之屬。
67,67,0x43,火銅矛,900,0,由奇金火銅鑄成的長矛，除了辟離火地氣之能外，亦具共持使者極意之能，予敵額外損傷。
68,68,0x44,冷月銀槍,670,0,由極北之地所採白銀鍛製的長槍，其性極冷而能吸收熱氣。
69,69,0x45,紫電金戟,730,0,戟身閃爍紫電星芒的天界神兵，揮舞之時有風鳴雷爍、紫電閃灼之威，具辟雷逐電之效。
70,70,0x46,龍王戟,770,0,據說是來自龍宮的鎮寶，使用者可藉之引龍王之力呼雷喚雨，其威亦與其他神兵不遑多讓。
71,71,0x47,鬼烈槍,920,0,地界鬥鬼持用的長槍，揮舞時鬼聲啾啾，亦具使敵人懾魂喪魄之能。
72,72,0x48,碧吻蛇矛,850,0,通體作長蛇之型的奇異長槍，其槍頭刃處為發瑩瑩綠光，據說有讓敵人中毒之能。
73,73,0x49,破軍王戟,980,0,以道家儀法封入北斗之一的天罡破軍星神魄而成的巨戟。
74,74,0x4A,烈光戟,1050,0,遍體發銀光的短戟神兵，疾刺之時光華霍霍，不獨對妖魔之屬有震懾之威，威力亦是極強。
75,75,0x4B,西方聖槍,1800,0,根據西方傳說，這柄刺穿過神之子的長槍，將成為神的先鋒，具有無畏惡魔的強大力量。
76,76,0x4C,異國古槍,800,0,經西方神徽淨化而修復的鏽蝕古槍，但此刻尚未重履神契的它，只是一柄尋常長槍而已。
77,77,0x4D,鏽蝕古槍,800,0,將大惡魔阿瑪菲特箝制兩百年的戰槍，本身受到惡魔之血的腐蝕，已經破爛不堪了。
78,78,0x4E,,0,0,
79,79,0x4F,,0,0,
80,80,0x50,,0,0,
81,81,0x51,琉璃法珠,110,0,以剔透琉璃煉製的宿玉法珠，是所有靈珠操使者的入門之物。
82,82,0x52,琥珀凝晶,130,0,琥珀向具凝蘊生氣之能，以琥珀製成的宿玉能活發光靈之力，使其威力提升。
83,83,0x53,血紋瓊玉,180,0,乳白色的玉珠，上面微微透著一些血痕。
84,84,0x54,龍蟠雕玉,280,0,雕以精美龍紋的綠玉法珠，可使內宿的光靈感應龍氣，因而威勢大增。
85,85,0x55,火紋珪玉,330,0,以火焰之色為主的玉珠，這些色相互暈開，看來有如玉中有火在燃燒。
86,86,0x56,水靈天珠,410,0,由埋藏河底千年、飽蘊千水靈氣的寶石所製的宿玉，能增光靈靈氛，使其飛擊更為準確。
87,87,0x57,冰霧寒玉,450,0,以冰谷寒玉所製的宿玉，能化光靈的靈氣為玄凜寒波，在飛擊之時增添寒氣之傷。
88,88,0x58,縛咒禁石,540,0,在黑曜石上遍繫奇形繩結而成的宿玉，繩結所帶的縛咒之力共光靈而發，兼具封咒之效。
89,89,0x59,鬼魄碧晶,600,0,久埋葬地墳場的綠玉所製成的宿玉，飽含其內的怨魄厲魂共光靈而發，可生麻痺之效。
90,90,0x5A,地魄玄石,640,0,帶有地精之氣，黑色而表面微微反光的石球，威力不錯。
91,91,0x5B,封雷淨玉,680,0,以鎮法將雷電之精封於玉珠內而成的宿玉，追索敵人時非常精準，亦具辟雷逐電之效。
92,92,0x5C,離火神珠,750,0,掌離火之氣的玉珠，內部有宛如爆炎一般的火雲不住翻攪。集中敵人也有爆裂的威能。
93,93,0x5D,八荒靈石,800,0,表面粗糙的岩球，周圍透出強大的藍白色靈氣。可給予敵人多種異常狀態。
94,94,0x5E,搖光化玉,860,0,透明的玉珠之中有像星光般的光發出，看來就像是北斗七星中的搖光星落在地上而成。
95,95,0x5F,鈞天瓏玉,960,0,本身不像是一般的玉珠，外表像是一團飄渺的雲氣收攏而成。攻擊的型態也相當多變。
96,96,0x60,九陽煌珠,1000,0,具有煌日之力的神妙宿玉，看來就如一顆飄朧的金色光球，具有最強的光靈之力。
97,97,0x61,,0,0,
98,98,0x62,,0,0,
99,99,0x63,,0,0,
100,100,0x64,,0,0,
101,101,0x65,布袍,0,100,尋常的布裝，足以遮身蔽體，抵禦刀劍卻嫌不足。
102,102,0x66,厚織長衣,0,140,為防沙漠烈日風沙而縫製的長衣式樣，其布料粗厚耐磨，防禦力亦略優於一般布衣。
103,103,0x67,輕綢法袍,0,120,咒術師所穿的大袖法袍，雖易於行儀作法，但僅微具護禦之能。
104,104,0x68,白絹舞袖,0,150,封鈴笙專用的衣物。兩袖長而飄逸的女用絹衣，除此外並無特別之處。
105,105,0x69,羊皮長衫,0,200,以經過炮製的羊皮縫製而成的長衫，在西域是常見的衣著，對刀劍劈砍略有護禦能力。
106,106,0x6A,黑緞籠衫,0,250,從頭包覆到腳的全黑長袍，是妖術師的常見穿著，防禦力也還不錯。
107,107,0x6B,仙符繡袍,0,260,上繡玄紋仙符的黑緞長袍，不獨穿起來氣勢非凡，也較具護禦之效。
108,108,0x6C,金緞鐵袍,0,380,在棉料中混入金絲織成的布料俗稱金緞，這種布料縫成的長袍能禦刀劍，但質料亦較沈重。
109,109,0x6D,綴玉華裝,0,350,女用華服之一，在肩袖各處縫綴以玉璧，可兼具防禦與辟邪之用。
110,110,0x6E,朱綢法衣,0,330,較具身份的術士所穿，朱色有助於集聚精魂靈力，故為術士所愛用。
111,111,0x6F,朧影織衣,0,450,黑蠶絲織製的薄布長袍，如黑影般能吸光逐華，使穿者不易被發現。
112,112,0x70,舞風霓裳,0,460,綴滿飄舞輕紗的舞衣，不獨看來輕盈飄逸，亦能迷惑敵人雙眼，格外具有閃避之能。
113,113,0x71,神隱披風,0,480,由幻術師封法所製的神奇披風，能使穿戴者身影朦朧，令敵招難以擊中。
114,114,0x72,銀狐披肩,0,520,銀狐皮毛光滑軟韌，尋常兵器砍劈不進，以此製成的披肩亦極名貴。
115,115,0x73,霧幻雲袍,0,560,散放霧氣的灰色長袍，可使穿者身形飄渺如幻，令刀劍難以及身。
116,116,0x74,鳳凰織錦,0,600,混以鳳凰羽毛編成的鮮紅織錦，看似輕軟脆弱卻能禦刀劍劈砍，對火焰更具防護之效。
117,117,0x75,玄烏羽衣,0,630,奇鳥玄烏之羽織成的羽衣披風，輕便堅固而不畏水火是其神異之處，對兵刃亦具護禦之效。
118,118,0x76,玄魔法袍,0,660,全身繡滿玄魔經紋的厚重法袍，具集聚邪氣之能，是高段妖術師最喜愛的穿著之一。
119,119,0x77,玉女雲袖,0,700,下凡天女所遺留的舞袖，衣上凝綻仙光靈華，一望即知並非凡物，配上舞姿更顯曼妙。
120,120,0x78,紫紗天衣,0,750,由極罕見的金蠶紫紗所織製的舞衣，不僅外表華美絕豔，護禦能力更是絕佳。
121,121,0x79,雪羽披風,0,790,西域有鳥名曰郇翊，其羽堅厚能耐火焚，以此所製之披風極為珍罕。
122,122,0x7A,紫微仙衣,0,840,繡有紫微星斗玄奧的神妙法袍，能偏挪金象之力而生禦刀劍之效。
123,123,0x7B,幽旛魂錦,0,770,以寫滿符咒的朱紅魂旛縫製的外掛錦披，樣式奇詭卻頗具妖護之力。
124,124,0x7C,瑤池舞衣,0,880,水藍色的輕紗舞袖，周圍常繚繞雲一般的霧氣，能辟冰火雷等咒術。
125,125,0x7D,玄羅仙袖,0,900,漆黑如夜的黑色舞袖，蔽影黑袍使穿者身形飄忽，得憑護禦之力。
126,126,0x7E,黃泉祭衣,0,950,地界之民的祭官所穿的法袍，內蘊邪神念護之力，具極高的防禦力。
127,127,0x7F,天瑞華綾,0,1100,裡外透著淺紅霞光的神妙仙衣，舞動時朱綾滿放霞光輝蘊，令妖邪之力不能近身。
128,128,0x80,幽日神袍,0,1200,鎮護霍雍的幽煌所幻化而成的神物，金紫二色交織的幽日圖像代表這幽神使者絕對的力量。
129,129,0x81,七色蝶裳,0,1000,傳說中的神幻法衣，其七色彩紋是創世女神女媧的象徵，著之便可得祂神力的佑護。
130,130,0x82,,0,0,
131,131,0x83,軟革裡衣,0,170,以軟皮和布料縫製的貼身軟甲，舒適有餘，但只能抵禦小型兵刃而已。
132,132,0x84,硬皮胸甲,0,260,炮製後的硬皮層層縫製而成的胸鎧，在輕甲中還算是頗具防禦力的。
133,133,0x85,銅釘皮鎧,0,300,在硬皮胸鎧上打上許多銅釘，不但比尋常皮鎧更加耐用，也提升了防禦力。
134,134,0x86,金絲甲,0,420,由金、銅絲編製的緻密甲衣，防禦力佳但過於沈重，不利挪移閃躲。
135,135,0x87,鋼襯武衣,0,400,在衫內各處縫入薄鋼內襯的武衣，護禦能力雖不足但可保迅敏輕捷。
136,136,0x88,青銅戰甲,0,450,青銅鑄造的重型鎧甲，雖價廉而堅固可靠，但過於沈重而不利行動。
137,137,0x89,鎖子甲,0,550,由無數鐵環綴織而成的甲冑，雖比皮甲堅固，但過於沈重是其缺點。
138,138,0x8A,薄鋼環甲,0,540,由巧匠將一片片薄鋼片鍛鑲而成的鋼甲，輕而堅固且活動自如是其最大優點。
139,139,0x8B,明光神鎧,0,580,唐朝舊風的武將著鎧，其樣式介乎重鎧與輕鎧之間，十分實用且舒適。
140,140,0x8C,玄鐵重甲,0,760,玄鐵所鑄成的古樸漆黑鐵甲，護禦之力絕佳，但只有身懷巨力之士才能穿著自如。
141,141,0x8D,銀環軟甲,0,700,以粗厚的方形銀環交綴而成的甲衣，原理和鎖子甲一樣，但質地更為緊緻，防禦力也更佳。
142,142,0x8E,古璧玉甲,0,680,由玉片穿孔後綴接而成的玉甲，看似脆弱但卻頗具護禦之效。
143,143,0x8F,火銅輕甲,0,820,由奇金火銅鍛造的鎧甲，重量極輕且堅固無比，是極為珍罕的護甲。
144,144,0x90,紫金戰鎧,0,920,整件由珍罕的紫金鑄成的鎧甲，不但價值不菲，其防護力亦屬一流。
145,145,0x91,冥契妖甲,0,880,整體材質為黑曜石，其上浮著白色的筋絡，仕樣詭異的胸甲。
146,146,0x92,辟法玄冑,0,870,整件由黑色玄石和金線綴成，表面刻有無數奇異咒文的甲冑。
147,147,0x93,龍鱗金冑,0,1100,綴滿神龍鱗片的黃金甲冑，是古時天將遺留在人間的神物之一。
148,148,0x94,蝕魄幽鎧,0,970,據說是地界妖魔之物的邪鎧，輕而堅固，且能激發凶性殺氣。
149,149,0x95,珠璃瑩甲,0,1000,由透明的琉璃塊緻密無間的串織而成的甲衣，可化解多項法術。
150,150,0x96,化蘊神鎧,0,900,女媧所賜的特殊防具。能夠吸收大部分攻擊法術，不過防禦力頗弱。
151,151,0x97,龍神天鎧,0,1300,和龍王戟成對的龍宮之寶，本是龍王敖順所用，之後卻流傳到人間。
152,152,0x98,冰月皇衣,0,1250,守護冰璃的幽煌所幻化而成的神物，藍白色的月紋代表著劍使絕對的力量。
153,153,0x99,,0,0,
154,154,0x9A,,0,0,
155,155,0x9B,,0,0,
156,156,0x9C,,0,0,
157,157,0x9D,,0,0,
158,158,0x9E,,0,0,
159,159,0x9F,,0,0,
160,160,0xA0,,0,0,
161,161,0xA1,辟邪玉佩,0,0,古玉製成的普通玉佩，稍具辟邪除穢之能，但於咒法無啥護禦能力。
162,162,0xA2,護命神符,0,0,供神香木製成的民間護符，對咒法幾乎無護禦之力可言。
163,163,0xA3,清神淨玉,0,0,以天法神術淨除過凶魂戾氣的淨玉，是常見的護身飾物，效力有限。
164,164,0xA4,龍涎香囊,0,0,香料向具辟穢除惡之能，裝有龍涎香的香囊是常見的辟邪飾物之一。
165,165,0xA5,瑯環玉璧,0,0,華光四射的華美玉璧，除了裝飾之外，配戴之據說有辟禦咒法之效。
166,166,0xA6,朱蕊晶花,0,0,天然水晶結成的華美晶花，是集地魄而生，能禦冰與火系的咒術。
167,167,0xA7,封辟之印,0,0,以黃銅製雙頭蛇型圍繞著薄圓形玉石造成的護身符。看來年代久遠。
168,168,0xA8,水晶珠鍊,0,0,以不同大小的透明水晶圓球串成的項鍊，帶有古樸之美。
169,169,0xA9,玄經繡帶,0,0,繡有辟法經文的紫綾髮帶，對諸般咒法均具護禦之效。
170,170,0xAA,紫金織冠,0,50,以紫金細絲混紡黑緞而成的男性飾冠，除了美觀俊逸之外，亦具有昇靈增智之效。
171,171,0xAB,火紋金釵,0,0,以三成火銅、七成黃金混鑄的女用髮釵，不獨式樣獨特美觀，亦略具逐火辟炎之能。
172,172,0xAC,琉璃星簪,0,0,透明的髮簪，內部有數點會微微發光，像是星光一般。
173,173,0xAD,鑲蛇銀珮,0,0,在圓形和闐玉石上鑲有黃銅羅侯雙頭蛇標誌的玉佩。
174,174,0xAE,妖燐石,0,0,在黑暗中瑩耀藍紫色妖光的靈石，據說配戴之有意想不到的功效。
175,175,0xAF,黑玉蛇戒,0,0,雕成蛇蜷曲狀的黑玉戒指，裡面宿有太古蛇靈，具辟禦咒法之能。
176,176,0xB0,戰士之石,30,0,據說是歐洲古代狂戰士的遺骨，裝在小牛皮袋子裡，據說帶著可得勇猛靈魂的保佑。
177,177,0xB1,九龍玉佩,0,0,以上等美玉精雕九龍蟠捲之型，以玉之靈氣應乎龍型，能發辟諸般法術咒力之效。
178,178,0xB2,水靈珠花,0,0,以許多水晶珠翠鑲綴而成的精美女飾，不但外型十分華貴，並對冰凜寒氛具有辟禦之效。
179,179,0xB3,朱焰妖瞳,0,0,和天狼血眼成對的妖石，據說是妖龍的眼珠，具有非比尋常的邪力。
180,180,0xB4,煉法黑鱗,0,70,黑龍被千慄鬼噬禁法咬落的黑色龍鱗。具有極強的防禦能力。
181,181,0xB5,紫筱淨玉,50,0,淺紫透明的華美玉璧，鑲嵌以金飾和繫帶。
182,182,0xB6,龍骨項鍊,0,50,以妖龍的骨牙雕成的項鍊，樣式古樸，卻對術法有強大的護禦之力。
183,183,0xB7,祛魔護印,0,30,上面刻有圓形魔法陣的金屬配戴用護符，材質是銅底鑲銀。
184,184,0xB8,朱雀羽巾,0,0,適合小女孩配戴的布製羽巾，上面裝飾著鮮豔的朱雀羽毛。
185,185,0xB9,五尊神令,0,50,黑木製的奇異令符，上書古時五帝的尊名稱號，有極強的護禦之力。
186,186,0xBA,蟠龍玉帶,0,60,男性用的玉製腰帶，上面雕有整條蟠龍。
187,187,0xBB,封豨牙懸,50,0,以火獸封豨的牙鑲以金飾製成的耳墜。
188,188,0xBC,昂昴角簪,0,0,以雷獸昂昴百年一次換角時落下的角雕成的髮簪。
189,189,0xBD,玄烏玉雕,0,0,漆黑的鳥型玉雕，據說封有凶鳥鷏雒的魂魄，其上附聚有莫大的力量。
190,190,0xBE,化淵曲玉,0,0,黑色扭曲成螺旋狀的長型玉佩，一端有用以繫繩的洞孔。
191,191,0xBF,辰星瓏墜,0,0,華美的大型耳墜，由多顆寶石構成，其間恰成北斗七星之狀。
192,192,0xC0,冰凜銀鐲,0,80,式樣有點奇怪的纖細銀製手鐲，表面發出強力的寒氣。
193,193,0xC1,西方神徽,0,90,西域某教的教徽，傳說與中土邪派有莫大淵源，能予邪派術士護佑。
194,194,0xC2,神烏飾墜,0,0,以代表太陽的金烏為外型的雕像護符飾墜。
195,195,0xC3,天穹劍印,0,0,一柄漆黑的小鐵劍，上面刻有道家封法的符咒和星圖。
196,196,0xC4,如意珠翠,0,0,以多種寶石鑲綴而成的女用珠翠，其內隱含陰陽五行之陣，具有外表看不出來的神秘力量。
197,197,0xC5,天狼血眼,0,0,傳說是天狼皋猦被神將討伐時挖出的右眼，其中凝蘊極強的妖力。
198,198,0xC6,翡翠髑髏,0,0,如拳頭般大小的翠綠色髑髏，是邪派法器之一，常人是不能配戴的。
199,199,0xC7,流光鏡玉,0,0,一面打磨得極亮的藍白色玉石，鑲嵌在紫金鑄製的邊框上。
200,200,0xC8,冷華幽鏡,0,0,配掛在頸上的項鍊，但項鍊墜處是一面小鏡。
201,201,0xC9,軍神刻符,100,0,一塊黑色的符石上，刻著異國戰神的神符。
202,202,0xCA,千稜幻玉,0,0,類似鑽石般切割為多面的透明晶玉，各面都映著不同的色澤。
203,203,0xCB,幽都王璽,0,0,傳說是幽都皇族之印的黑玉印璽，其具有極強的妖力自是不在話下。
204,204,0xCC,玉璣靈鐲,0,0,以七顆寶石和銀絲交纏而成的華美手鐲。外型有如北斗七星。
205,205,0xCD,幻月神珠,0,0,裝在白緞小袋子裡的淡藍白色寶珠。會發出柔和的白光。
206,206,0xCE,六芒星印,0,0,刻著希伯來達比之星與魔法圓陣的石製護符。
207,207,0xCF,鳳翼彩兜,0,0,在布製兜帽上以多色羽毛分層縫上而成的羽帽，外型很可愛。
208,208,0xD0,七色瓔珞,0,0,由女媧神的象徵—七色彩石串成的項鍊，據說配戴者能得女媧神庇佑，諸般咒法不能侵。
209,209,0xD1,,0,0,
210,210,0xD2,,0,0,
211,211,0xD3,斂炙燧石,0,0,用以升起練劍之火的燧石。是每個鐵匠的寶貝。
212,212,0xD4,凜水寒晶,0,0,由千年寒冰湖湖心取出的極寒之結晶。
213,213,0xD5,紫琰煌石,0,0,時常放射出奇妙光芒的紫色煌石。
214,214,0xD6,千光淨玉,0,0,具有多重反射面，能將光線完全反射的純淨玉石。
215,215,0xD7,黑心鬼岩,0,0,傳說中天地創造時生成的四大奇物之一，能呼召天下眾邪魅之力。
216,216,0xD8,綠松石髓,0,0,巨石最中心的礦物結晶，凝聚了植物之力於其上。
217,217,0xD9,鐘乳凝晶,0,0,在地下水道中花上千萬年所形成的鐘乳石。
218,218,0xDA,兩儀玄石,0,0,由黑石與白石互相結合成的，具有調和陰陽之氣的力量。
219,219,0xDB,赤煉火銅,0,0,天地間六種奇金之一的火銅的礦石，表面散發灼熱紅光是其特徵。
220,220,0xDC,冰幻神石,0,0,周遭常籠罩一層霧氣，讓人難以發現的冰石。
221,221,0xDD,雷熒魄玉,0,0,能夠吸收雷電之力的奇妙玉石。
222,222,0xDE,辟邪紫金,0,0,具辟邪效能的紫金原石，是鍛造紫金武器防拒絕對必須的原料。
223,223,0xDF,九幽化玉,0,0,據傳是由幽界過來的玉石，帶有幽界的瘴氣。
224,224,0xE0,太初華晶,0,0,宇宙開創時期就出現的原始晶石，是許多物質的原形。
225,225,0xE1,翡翠碧砂,0,0,只有川中幽谷內才能找到的碧綠玉沙，亦是六種奇金之一。
226,226,0xE2,烏光玄鐵,0,0,天地間六種奇金之一玄鐵的礦石，通體漆黑泛光是其特徵。
227,227,0xE3,火凜冰實,0,0,生於極熱之地的緣火木所生長的極寒之實，有多種奇異的用途。
228,228,0xE4,神烏金翎,0,0,傳說中的神鳥金烏的羽毛，據說單單一枚便足以照明屋內。
229,229,0xE5,輝月魂石,0,0,長期受月光照耀而宿孕月華的靈石，具有神秘的力量。
230,230,0xE6,冥華紫晶,0,0,收納亡者之魂的冥界才有的紫色晶石。
231,231,0xE7,魂剎玉,0,0,將遊魂散魄封聚於淨玉而成的。
232,232,0xE8,赤霞珠,0,0,表面有如晚霞般的赤色花紋，當花紋變色時就表示將有重大危機。
233,233,0xE9,血纓石髓,0,0,與綠松石髓相對的另一種礦物結晶，代表了熾熱的地心之力。
234,234,0xEA,天堂之石,0,0,不屬這個世界的特殊寶石，據說是天上掉下來的。
235,235,0xEB,,0,0,
236,236,0xEC,,0,0,
237,237,0xED,,0,0,
238,238,0xEE,,0,0,
239,239,0xEF,,0,0,
240,240,0xF0,,0,0,
241,241,0xF1,,0,0,
242,242,0xF2,,0,0,
243,243,0xF3,,0,0,
244,244,0xF4,,0,0,
245,245,0xF5,,0,0,
246,246,0xF6,,0,0,
247,247,0xF7,,0,0,
248,248,0xF8,,0,0,
249,249,0xF9,,0,0,
250,250,0xFA,,0,0,
251,251,0xFB,金創藥,0,0,最常見的傷藥，效力雖有限但極易購得。
252,252,0xFC,大補丸,0,0,效力較金創藥為佳的傷藥，由於使用藥材珍昂，價格也昂貴許多。
253,253,0xFD,九花玉露,0,0,以九花九藥煉製而成的療傷聖藥，由於煉製不易，有錢也不易買到。
254,254,0xFE,十聖金丹,0,0,以十種至珍至罕藥材煉製的藥中之王，一枚便能療傷補元，盡復舊觀。
255,255,0xFF,百草沁香,0,0,以大量各式藥材蒸釀純煉取其精華而成，使用時將之遍灑空中，可令周遭伙伴皆療癒之效。
256,256,0x100,返命神水,0,0,使用與百草沁香類似的方式煉製的療癒神水，但其功效更佳。
257,257,0x101,癒神幻霧,0,0,以多種療癒藥材反覆蒸煉而成的華薰封於瓶內，使用時揭蓋散霧，令己方聞之而傷勢得癒。
258,258,0x102,化裊凝晶,0,0,修道之士以秘儀凝聚自己的氣蘊與真魄而成的神物，能一舉全復己方所有伙伴的體力。
259,259,0x103,,0,0,
260,260,0x104,,0,0,
261,261,0x105,返氣丸,0,0,能稍微回復氣力的壯元丹藥，雖然效果有限，但卻已經相當罕見。
262,262,0x106,聚元散,0,0,較返氣丸更有效的壯元丹藥，由於煉製極難，平時幾乎不可能獲得。
263,263,0x107,大還丹,0,0,世上難以求得的妙藥，只要服食一粒便可完全返元復氣。
264,264,0x108,神臨金丹,0,0,療傷補氣的最高聖品，服用後有如請神上身，氣力無窮。
265,265,0x109,,0,0,
266,266,0x10A,,0,0,
267,267,0x10B,,0,0,
268,268,0x10C,,0,0,
269,269,0x10D,,0,0,
270,270,0x10E,,0,0,
271,271,0x10F,還神散,0,0,對於昏倒的同伴使用，能夠使他馬上清醒。
272,272,0x110,紫凝甘露,0,0,從天山靈泉所取的泉水，除了讓昏迷者清醒，也能補充一些體力。
273,273,0x111,鑄命封石,0,0,以神力將生命的基本力量封入這顆石頭中，緊急時可使瀕臨死亡的人重新獲得生命。
274,274,0x112,,0,0,
275,275,0x113,,0,0,
276,276,0x114,,0,0,
277,277,0x115,,0,0,
278,278,0x116,,0,0,
279,279,0x117,,0,0,
280,280,0x118,,0,0,
281,281,0x119,化毒散,0,0,以多種解毒藥材煉製而成的解毒藥，對於尋常毒傷頗具療效。
282,282,0x11A,通脈丸,0,0,能夠通筋活血、調氣順脈的丹藥，常用於治療軟癱麻病。
283,283,0x11B,冰蟾砂,0,0,冰蟾毒砂雖原是至毒，但加以處理後亦能成藥解毒傷癱麻，極是靈驗。
284,284,0x11C,綺羅天香,0,0,具有強烈的氣味，能聚四周精魂靈氣，破除封咒的禁制之力。
285,285,0x11D,血仙邪釀,0,0,以人血調製而成的深紅色藥酒，是唯一能解救逆闕之害的藥物。
286,286,0x11E,蝕血神丹,0,0,以逆命邪方煉製的異藥，服用後可祛解所有毒麻血倀等不良狀態，但亦會藥力反噬而無法戰鬥。
287,287,0x11F,三魄烈丹,0,0,藥性極端的厲藥，服食後同時產生神力、奮馳、披甲、迅目等效，但亦會慢慢損失體力。
288,288,0x120,迦葉神藥,0,0,傳說中以神樹之葉煉製的神藥，能產生傷勢持續復癒的命蘊之效。
289,289,0x121,鬼軀化膏,0,0,據說是以妖魔肢體煉製的邪藥，凡人塗用之雖可使傷勢全復，但亦會產生逆闕的後果。
290,290,0x122,厲魄鬼釀,0,0,據說是鬼族嗜喝的烈酒，其效可讓凡人飲後氣力大進，但亦會暫時失心狂暴。
291,291,0x123,返幽化藥,0,0,本是道家修練化靈飛昇時的秘藥，但平時服食之則可將肉體化實為幽，並具有短暫的命蘊之效。
292,292,0x124,,0,0,
293,293,0x125,,0,0,
294,294,0x126,,0,0,
295,295,0x127,,0,0,
296,296,0x128,,0,0,
297,297,0x129,,0,0,
298,298,0x12A,,0,0,
299,299,0x12B,,0,0,
300,300,0x12C,,0,0,
301,301,0x12D,八絡血參,0,0,長白山中最珍罕的參種，服食後能壯元強身，使體力驟增。
302,302,0x12E,冰荷仙實,0,0,極北冰海中生長的冰蓮之實，食之能增人內蘊靈華，術力大進。
303,303,0x12F,熊王金膽,0,0,北地巨熊亦稱熊王，其膽囊與百藥浸製後服食，可使人膂力大增。
304,304,0x130,靈泉玉露,0,0,天界珍釀之一，以多種仙果釀成，能令人飲後得憑仙力、靈智大進。
305,305,0x131,迅神五書,0,0,載有奔行挪移法門的武籍，令人讀後頓悟奔行之理，從而提升己身迅捷。
306,306,0x132,鬼神天釀,0,0,據說是天界鬼神飲用的美酒，不獨味香醇厚，亦具強筋健體之效。
307,307,0x133,玄機道卷,0,0,寫有玄門天機之理的捲軸，令人讀後能乘應機運之變而趨吉避禍。
308,308,0x134,金萼紅花,0,0,產於北方寒山的一種藥物，具有通暢血路、壯元補虛之效，常用於多種藥方之中。
309,309,0x135,紫霜雲芝,0,0,極為珍罕的藥物，亦具補虛壯元之效，由於其強烈薰香之故，亦為某些神異生物所嗜食。
310,310,0x136,七葉蛇堇,0,0,因為枝幹彎曲如蛇而得名，其奇異成分令人食之而神智昏亂，只用於少數藥方之中。
311,311,0x137,靈龜殼甲,0,0,東海獨產的紫瑁靈龜的甲殼，磨成粉末遍灑於身能生披甲之效，此外亦用於煉製某些藥物。
312,312,0x138,斑蜥煉脂,0,0,荒漠特產的斑蜥油脂，是能生肌止血的外敷藥，塗上之後傷勢會不斷痊癒，如同命蘊之效。
313,313,0x139,九子菩提,0,0,雖是著名的毒物之一，但與其他藥物共煉時亦具療效，倘若單獨服用則為尋死之舉。
314,314,0x13A,蔓陀花苞,0,0,蔓陀羅花不獨具迷神之效，服食其花苞更能令人通體麻痺，但仍用在許多特殊的藥方之中。
315,315,0x13B,,0,0,
316,316,0x13C,,0,0,
317,317,0x13D,,0,0,
318,318,0x13E,,0,0,
319,319,0x13F,,0,0,
320,320,0x140,,0,0,
321,321,0x141,鬼煌幽實,0,0,取自異界幽獸的殘骸之一，據說是原來的心臟部份。
322,322,0x142,厲魂之晶,0,0,取自異界幽獸的殘骸之一，據說是原來的腦部部份。
323,323,0x143,獸魔骨片,0,0,取自異界幽獸的殘骸之一，據說是原來的骨骼部份。
324,324,0x144,濁凝血露,0,0,取自異界幽獸的殘骸之一，據說是其凝血所成之物。
325,325,0x145,死穢魔腑,0,0,取自異界幽獸的殘骸之一，據說是原來的臟腑部份。
326,326,0x146,淵獸畸胎,0,0,取自異界幽獸的殘骸之一，據說是未成型的肉胎部份。
327,327,0x147,玄魄幽壤,0,0,由幽獸殘骸煉成之物，據說是幽界萬物的基質本源，型如黑色黏土，具有各種怪異的特性。
328,328,0x148,,0,0,
329,329,0x149,,0,0,
330,330,0x14A,,0,0,
331,331,0x14B,,0,0,
332,332,0x14C,,0,0,
333,333,0x14D,,0,0,
334,334,0x14E,,0,0,
335,335,0x14F,,0,0,
336,336,0x150,,0,0,
337,337,0x151,,0,0,
338,338,0x152,,0,0,
339,339,0x153,,0,0,
340,340,0x154,,0,0,
341,341,0x155,,0,0,
342,342,0x156,,0,0,
343,343,0x157,,0,0,
344,344,0x158,,0,0,
345,345,0x159,,0,0,
346,346,0x15A,,0,0,
347,347,0x15B,,0,0,
348,348,0x15C,,0,0,
349,349,0x15D,,0,0,
350,350,0x15E,,0,0,
351,351,0x15F,雷火彈,0,0,以火藥包覆鐵砂焦油而成，擲出後在敵人身上迸炸，可造成衝裂灼燃之傷。
352,352,0x160,紫金鏢,0,0,以紫金混以精鐵打造而成的飛鏢，用以飛擲攻敵，並對邪物有額外效力。
353,353,0x161,玄鴆骨末,0,0,毒鳥玄鴆之骨磨製成的毒粉，散出之後能使一群敵人身中劇毒，效同「戾血萬毒」。
354,354,0x162,披甲符,0,0,密法封符之一，能令己方全員一定時間內引受地象之力而增護禦之力，效同「地禦之陣」。
355,355,0x163,破金符,0,0,密法封符之一，能令己方全員兵刃附上金象破力，短時間內威力大進，效同「血刃之咒」。
356,356,0x164,烈法符,0,0,密法封符之一，能集四方靈氣精魂於己方全員，使其術法威力大增，效同「靈智真法」。
357,357,0x165,風行符,0,0,密法封符之一，能集引四周風靈之力增迅行動之速，效同「攬風神行」。
358,358,0x166,轟雷符,0,0,封入天法雷咒之力的令符，使用後可降下神雷擊打敵人，效似「九天神雷」。
359,359,0x167,召炎符,0,0,封入地訣火咒之力的令符，使用後可引召天火焚燒敵人。效似「天火之術」。
360,360,0x168,封凜冰露,0,0,以凜儀密法凝聚凍氣而成的寒露，使用後可造出凍慄冰嵐攻敵，效似「冰獄寒嵐」。
361,361,0x169,天罡令符,0,0,由上位術士封法的強力天符，使用後可降下千仞天光擊打敵人，效似「神威天光」。
362,362,0x16A,封魔神水,0,0,以七種香木調製的淨水，有封隔咒力之能，令當之者會無法施咒，效似「封魔神道」。
363,363,0x16B,縛靈咒索,0,0,以密法調製的神奇咒索，擲於敵人身上可令其周身僵直，效似「奪魄鬼咒」
364,364,0x16C,時幻沙,0,0,崑崙仙界幻沙海的神沙，將之遍散全身，可化幻使刀劍咒法皆不能及，效似「無方變幻」。
365,365,0x16D,,0,0,
366,366,0x16E,血妖皿,0,0,雲貴之地苗人豢養的蠱毒皿，使用後有令敵手如身中咒殺妖術之能，效似「滅魂大法」。
367,367,0x16F,替身紙人,0,0,封入替身咒法的咒術紙人，使用後可生「替護」之效，擋下一回合內的所有敵方攻擊。
368,368,0x170,地返遁符,0,0,封入移遁玄術的法符，可乘地脈流向飛昇騰挪，瞬間離開幽淵險所，效同「移型化法」。
369,369,0x171,鎮辟玄香,0,0,以七種辟邪藥物煉製的神奇香粉，可使周遭邪氣難以近身，從而降低遇敵的機會。
370,370,0x172,鬼魅玄香,0,0,以七種邪物煉製的妖異香粉，可使周遭邪氣大盛，從而大幅提升遇敵的機會。
371,371,0x173,,0,0,
372,372,0x174,,0,0,
373,373,0x175,,0,0,
374,374,0x176,,0,0,
375,375,0x177,,0,0,
376,376,0x178,,0,0,
377,377,0x179,,0,0,
378,378,0x17A,,0,0,
379,379,0x17B,,0,0,
380,380,0x17C,,0,0,
381,381,0x17D,妖夢魅石,0,0,由邪道術者封煉諸多邪靈惡念於內的邪派法器，能讓敵人陷入瘋狂的狀態。
382,382,0x17E,神炎金燈,0,0,內封辟邪神火的神異金燈，據說是來自某處的佛門至寶。
383,383,0x17F,,0,0,
384,384,0x180,,0,0,
385,385,0x181,,0,0,
386,386,0x182,,0,0,
387,387,0x183,,0,0,
388,388,0x184,,0,0,
389,389,0x185,,0,0,
390,390,0x186,,0,0,
391,391,0x187,,0,0,
392,392,0x188,,0,0,
393,393,0x189,,0,0,
394,394,0x18A,,0,0,
395,395,0x18B,,0,0,
396,396,0x18C,,0,0,
397,397,0x18D,,0,0,
398,398,0x18E,,0,0,
399,399,0x18F,,0,0,
400,400,0x190,,0,0,
401,401,0x191,酥油罐,0,0,從輜重中找到的罐裝酥油，好像可以使生鏽的器物潤滑....
402,402,0x192,黑石球,0,0,沈重無華、表面刻有花紋的漆黑石球，從表面看不出有何功用。
403,403,0x193,黑石球,0,0,沈重無華、表面刻有花紋的漆黑石球，從表面看不出有何功用。
404,404,0x194,黑石球,0,0,沈重無華、表面刻有花紋的漆黑石球，從表面看不出有何功用。
405,405,0x195,紙鳶,0,0,天瑤派千里追蹤之法所用的紙鳶，以法言放出後會自動朝著目標的方向飛去。
406,406,0x196,訊號煙火,0,0,點燃後會往上飛衝，迸發出各色煙花的訊號煙火，和狼煙一樣用於遠程聯繫之用。
407,407,0x197,石製把手,0,0,由堅石雕成的彎曲把柄，一端被特別雕成方形，似是用來插入某些榫頭之用。
408,408,0x198,定魂珠,0,0,以純淨琉璃製成的神妙道家法器，能引聚離散的魂魄憑附其上，常用於驅邪作法之用。
409,409,0x199,鎮龍之玉,0,0,型似巧手雕成的蟠龍玉球，其外刻有縛御龍屬的神咒，能收服妖龍之類於內並使御之。
410,410,0x19A,鎮龍之玉,0,0,型似巧手雕成的蟠龍玉球，其外刻有縛御龍屬的神咒，能收服妖龍之類於內並使御之。
411,411,0x19B,五方遁符,0,0,封入飛遁騰挪法儀的道家神符，能使使用者越過土石地表的障礙，直接移往地脈交織之所。
412,412,0x19C,血厲鬼皿,0,0,冥皇鄲陰特製的恐怖魔道法器，將六十四隻血鬼封於皿中，號稱天下無其一出而不摧之物。
413,413,0x19D,刻盤碎片,0,0,上有無數細小刻痕的金色斷片，狀呈弧形，似乎是某種東西的一部份。
414,414,0x19E,刻盤碎片,0,0,上有無數細小刻痕的金色斷片，狀呈弧形，似乎是某種東西的一部份。
415,415,0x19F,刻盤碎片,0,0,上有無數細小刻痕的金色斷片，狀呈弧形，似乎是某種東西的一部份。
416,416,0x1A0,刻盤碎片,0,0,上有無數細小刻痕的金色斷片，狀呈弧形，似乎是某種東西的一部份。
417,417,0x1A1,刻盤碎片,0,0,上有無數細小刻痕的金色斷片，狀呈弧形，似乎是某種東西的一部份。
418,418,0x1A2,刻盤碎片,0,0,上有無數細小刻痕的金色斷片，狀呈弧形，似乎是某種東西的一部份。
419,419,0x1A3,刻盤碎片,0,0,上有無數細小刻痕的金色斷片，狀呈弧形，似乎是某種東西的一部份。
420,420,0x1A4,星晷刻盤,0,0,由七塊刻盤碎片拼合而成的圓環狀物，似乎是某個奇異台座上的必須部份。
421,421,0x1A5,諸幻神鏡,0,0,能解破諸多幻象的神異寶鏡，據說若由鏡面內望，便可看到今世所無法想像的奇景。
422,422,0x1A6,楞迦經,0,0,傳自天竺的佛教重要經典之一，由於譯本多所漏誤，使這原文版本顯得格外珍貴。
423,423,0x1A7,羊皮封卷,0,0,一個奇怪的西方樣式羊皮卷軸，打開之後裡面卻是空白一片，似乎只是用來騙人的玩意。
424,424,0x1A8,太乙占盤,0,0,傳自中國古代的三種占盤之一，上刻五行八卦諸宮諸宿紋記，是占師不可或缺之物。
425,425,0x1A9,九魄靈石,0,0,由道家神法封煉的特殊引物，具有在煉丹時用來引化諸物之能。
426,426,0x1AA,血靈神珠,0,0,邪派術士煉製的奇異法器，平時封注以生人鮮血，據說在必要時有續命護心之能。
427,427,0x1AB,八卦逆符,0,0,逆八卦之理而行的外門法器，只有身懷此物方能通過某些奇法亂陣。
428,428,0x1AC,黃金鑰匙,0,0,造型精美的黃金鑰匙，似乎是開啟重要之所的關鍵。
429,429,0x1AD,赤獸魂石,0,0,宿有炎獸封豨精魄的紅色獸魂石，但其真力微弱渙散，似乎處於沈眠狀態。
430,430,0x1AE,赤獸魂石,0,0,宿有炎獸封豨精魄的紅色獸魂石，其真力神輝瑩然，似會在掌中鼓動。
431,431,0x1AF,白獸魂石,0,0,宿有冰獸冱蚑精魄的白色獸魂石，但其真力微弱渙散，似乎處於沈眠狀態。
432,432,0x1B0,白獸魂石,0,0,宿有冰獸冱蚑精魄的白色獸魂石，其真力神輝瑩然，似會在掌中鼓動。
433,433,0x1B1,紫獸魂石,0,0,宿有雷獸昂昴精魄的紫色獸魂石，但其真力微弱渙散，似乎處於沈眠狀態。
434,434,0x1B2,紫獸魂石,0,0,宿有雷獸昂昴精魄的紫色獸魂石，其真力神輝瑩然，似會在掌中鼓動。
435,435,0x1B3,黑獸魂石,0,0,宿有闇獸冥獨精魄的黑色獸魂石，但其真力微弱渙散，似乎處於沈眠狀態。
436,436,0x1B4,黑獸魂石,0,0,宿有闇獸冥獨精魄的黑色獸魂石，其真力神輝瑩然，似會在掌中鼓動。
437,437,0x1B5,朱獸魂石,0,0,宿有光獸靈鼩精魄的朱色獸魂石，但其真力微弱渙散，似乎處於沈眠狀態。
438,438,0x1B6,朱獸魂石,0,0,宿有光獸靈鼩精魄的朱色獸魂石，其真力神輝瑩然，似會在掌中鼓動。
439,439,0x1B7,計都之鑰,0,0,奇型異狀的三幽鑰之一，似是開啟羅鍭城內某些處所的關鍵。
440,440,0x1B8,羅鍭之鑰,0,0,奇型異狀的三幽鑰之一，似是開啟羅鍭城內某些處所的關鍵。
441,441,0x1B9,太虛之鑰,0,0,奇型異狀的三幽鑰之一，似是開啟羅鍭城內某些處所的關鍵。
442,442,0x1BA,星之晶,0,0,降聚星曜光華而成的晶石，是羅鍭城中諸多處所的力量來源。
443,443,0x1BB,金相之晶,0,0,降聚五行金相之力而成的晶石，是羅鍭城中某些處所的力量來源
444,444,0x1BC,火相之晶,0,0,降聚五行火相之力而成的晶石，是羅鍭城中某些處所的力量來源。
445,445,0x1BD,土相之晶,0,0,降聚五行土相之力而成的晶石，是羅鍭城中某些處所的力量來源。
446,446,0x1BE,木相之晶,0,0,降聚五行木相之力而成的晶石，是羅鍭城中某些處所的力量來源。
447,447,0x1BF,水相之晶,0,0,降聚五行水相之力而成的晶石，是羅鍭城中某些處所的力量來源。
448,448,0x1C0,鐵門鑰匙,0,0,看守牢房的磐沙眾身上帶的鑰匙，似是開啟牢門之用。
449,449,0x1C1,青銅鑰匙,0,0,楊雲佐所贈的鑰匙，可用來開啟鎖住樹下密門的鎖。
450,450,0x1C2,珍瓏鏡玉,0,0,其內別有洞天的神妙寶鏡，將之掛於適當的處所，便可成為安全的休息處所。
451,451,0x1C3,彩石彈珠,0,0,小女孩阿鈴在某處撿到的五彩石子，是夏侯儀幫她找回娃娃的贈禮。
452,452,0x1C4,鍛鐵鑰匙,0,0,以生鐵草草打造的鑰匙，似乎是用來開某道門戶之用。
453,453,0x1C5,黑鐵鑰匙,0,0,樸實無華的鐵鑰匙，看來毫不起眼，似乎是用來開某道門戶之用。
454,454,0x1C6,黑玉鑰匙,0,0,以黑玉雕成的奇型鑰匙，樣式頗具異國風格，似乎是用來開某道門戶之用。
455,455,0x1C7,,0,0,
456,456,0x1C8,樓蘭金鑰,0,0,輝映當年樓蘭極盛國威的華麗鑰匙，可用來開啟樓蘭王城內大部分的門戶。
457,457,0x1C9,紫電封璧,0,0,相桓子奇想天外而試做的法寶，能在紫電金氣濃厚之處引發雷電，目前用途仍然不明。
458,458,0x1CA,百草藥典,0,0,詳述諸般藥草藥材性質用途的入門醫書，是每個有志醫道之人不可或缺之物。
459,459,0x1CB,煉金初要,0,0,雅布斯以中文說明鍊金術的基本原理和諸般心得的手抄本，據說是他絕無僅有的一本著述。
460,460,0x1CC,羊皮封卷,0,0,在沾染血氣之後，忽然浮現字跡圖樣的空白卷軸，其內容似乎藏有極重要的祕密....
461,461,0x1CD,,0,0,
462,462,0x1CE,,0,0,
463,463,0x1CF,,0,0,
464,464,0x1D0,,0,0,
465,465,0x1D1,,0,0,
466,466,0x1D2,,0,0,
467,467,0x1D3,,0,0,
468,468,0x1D4,,0,0,
469,469,0x1D5,,0,0,
470,470,0x1D6,,0,0,
471,471,0x1D7,,0,0,
472,472,0x1D8,,0,0,
473,473,0x1D9,,0,0,
474,474,0x1DA,,0,0,
475,475,0x1DB,,0,0,
476,476,0x1DC,,0,0,
477,477,0x1DD,,0,0,
478,478,0x1DE,,0,0,
479,479,0x1DF,,0,0,
480,480,0x1E0,,0,0,
481,481,0x1E1,,0,0,
482,482,0x1E2,,0,0,
483,483,0x1E3,,0,0,
484,484,0x1E4,,0,0,
485,485,0x1E5,,0,0,
486,486,0x1E6,,0,0,
487,487,0x1E7,,0,0,
488,488,0x1E8,,0,0,
489,489,0x1E9,,0,0,
490,490,0x1EA,,0,0,
491,491,0x1EB,,0,0,
492,492,0x1EC,,0,0,
493,493,0x1ED,,0,0,
494,494,0x1EE,,0,0,
495,495,0x1EF,,0,0,
496,496,0x1F0,,0,0,
497,497,0x1F1,,0,0,
498,498,0x1F2,,0,0,
499,499,0x1F3,,0,0,
500,500,0x1F4,,0,0,
501,501,0x1F5,沙漠盜賊,200,150,
502,502,0x1F6,沙漠盜賊,190,150,
503,503,0x1F7,西夏兵,140,80,
504,504,0x1F8,西夏兵,130,80,
505,505,0x1F9,漢軍,700,500,
506,506,0x1FA,漢軍,700,500,
507,507,0x1FB,符咒師,280,220,
508,508,0x1FC,屍魔術士,450,450,
509,510,0x1FE,骨卒,450,400,
510,511,0x1FF,死靨鬼卒,500,450,
511,509,0x1FD,死刀兵,470,400,
512,512,0x200,凶骸兵,500,450,
513,513,0x201,巨蠍,150,100,
514,514,0x202,火紋蠍,430,350,
515,515,0x203,冰魔蠍,400,400,
516,516,0x204,巨蜘蛛,200,120,
517,517,0x205,鬼面花蛛,420,340,
518,518,0x206,鋼牙魔蛛,650,500,
519,519,0x207,沙蟲,200,180,
520,520,0x208,土魎,410,350,
521,521,0x209,礫攫,700,500,
522,522,0x20A,兀鷹,220,170,
523,523,0x20B,鬼隼,440,320,
524,524,0x20C,凶鷲,750,450,
525,525,0x20D,藍衣鐵衛,350,240,
526,526,0x20E,藍衣鐵衛,340,240,
527,527,0x20F,磐沙眾,210,160,
528,528,0x210,磐沙眾,200,160,
529,529,0x211,中原群豪,300,200,
530,530,0x212,中原群豪,250,180,
531,531,0x213,中原群豪,450,400,
532,532,0x214,中原群豪,450,400,
533,533,0x215,魂娑鬼炎,400,400,
534,534,0x216,朱焰魔火,600,450,
535,535,0x217,紫焰妖靈,500,400,
536,536,0x218,幽煌冥火,350,350,
537,537,0x219,狂魔,700,500,
538,538,0x21A,羽魅,140,70,
539,539,0x21B,魔血眼,420,390,
540,540,0x21C,百眼翼魔,500,500,
541,541,0x21D,化蛇,400,400,
542,542,0x21E,血翼鳥虺,600,500,
543,543,0x21F,九環朱蝮,800,600,
544,544,0x220,,0,0,
545,545,0x221,活屍,400,400,
546,546,0x222,化魔血屍,450,400,
547,547,0x223,禁符鐵屍,400,450,
548,548,0x224,煉法玄屍,450,450,
549,549,0x225,荒漠沙魔,370,250,
550,550,0x226,咒石兵,460,420,
551,551,0x227,剛磐鬼,650,650,
552,552,0x228,血煉鬼,700,550,
553,553,0x229,噬魂鬼,750,600,
554,554,0x22A,幽魎,850,700,
555,555,0x22B,夜魑,500,450,
556,556,0x22C,羅鬼,480,400,
557,557,0x22D,荒蟄,650,600,
558,558,0x22E,炎羅鬼,700,600,
559,559,0x22F,青煞鬼,600,500,
560,560,0x230,赤煉鬼,800,600,
561,561,0x231,腐蝺,450,350,
562,562,0x232,屍蟲,660,400,
563,563,0x233,死魎,770,450,
564,564,0x234,百鬼魔蟲,880,500,
565,565,0x235,咒首蜈蚣,700,600,
566,566,0x236,赤殼蜈蚣,800,700,
567,567,0x237,冰蜈蚣,400,400,
568,568,0x238,刀凜鬼,650,450,
569,569,0x239,鋼破鬼,700,500,
570,570,0x23A,妖將,750,550,
571,571,0x23B,妄幻,800,600,
572,572,0x23C,血嬰冥葵,450,400,
573,573,0x23D,鬼吻妖蘭,600,500,
574,574,0x23E,死藤澪花,400,450,
575,575,0x23F,噬魂幽葛,600,550,
576,576,0x240,淵吞,850,800,
577,577,0x241,翯號,950,750,
578,578,0x242,凜壑,850,700,
579,579,0x243,薨懾,850,700,
580,580,0x244,倀厲,850,700,
581,581,0x245,魘首,750,650,
582,582,0x246,軀聚,950,750,
583,583,0x247,龐邪,1000,750,
584,584,0x248,杌晷,950,700,
585,585,0x249,渾奇,850,800,
586,586,0x24A,怨忽,750,650,
587,587,0x24B,封豨,500,300,
588,588,0x24C,昂昴,800,500,
589,589,0x24D,冱蚑,600,350,
590,590,0x24E,冥獨,700,400,
591,591,0x24F,,0,0,
592,592,0x250,,0,0,
593,593,0x251,,0,0,
594,594,0x252,,0,0,
595,595,0x253,,0,0,
596,596,0x254,,0,0,
597,597,0x255,,0,0,
598,598,0x256,藍衣鐵衛,550,300,
599,599,0x257,藍衣鐵衛,550,300,
600,600,0x258,西夏隊長,350,280,
601,601,0x259,赫蘭鐵罕,150,120,
602,602,0x25A,赫蘭鐵罕,400,350,
603,603,0x25B,赫蘭鐵罕,600,600,
604,604,0x25C,阿爾泰巴,250,170,
605,605,0x25D,皇甫申,280,170,
606,606,0x25E,皇甫申,700,600,
607,607,0x25F,,0,0,
608,608,0x260,冥皇鄲陰,700,600,
609,609,0x261,周崇,500,500,
610,611,0x263,朱浩,400,400,
611,610,0x262,黑龍解臾,600,450,
612,612,0x264,邪神饕餮,550,450,
613,613,0x265,朱鬼蛬蚯,650,450,
614,614,0x266,紫妖蛬蚯,650,450,
615,616,0x268,白邪蛬蚯,650,450,
616,615,0x267,青魔蛬蚯,650,450,
617,617,0x269,黑怪蛬蚯,650,450,
618,618,0x26A,肓癱,600,600,
619,619,0x26B,羅喉神,900,500,
620,621,0x26D,陰歙,1100,600,
621,620,0x26C,陽寰,1000,700,
622,622,0x26E,皇甫申,1200,500,
623,623,0x26F,羅喉‧陽,1000,500,
624,624,0x270,羅喉‧陰,1300,500,
625,625,0x271,羅喉‧陽,1000,500,
626,626,0x272,羅喉‧陰,1300,500,
627,627,0x273,相胤,900,600,
628,628,0x274,蝕墮,700,700,
629,629,0x275,朧蠖,800,500,
630,630,0x276,召喪,700,600,
631,631,0x277,骸髑,600,500,
632,632,0x278,闇咒者,330,350,
633,633,0x279,阿瑪菲特,800,500,
634,634,0x27A,甦慄,700,400,
635,635,0x27B,西夏兵,130,80,
636,636,0x27C,黑龍解臾,700,700,
637,637,0x27D,劍魔燁煌,1000,700,
638,638,0x27E,盜賊,320,210,
639,639,0x27F,肓癱,700,500,
640,640,0x280,赫蘭鐵罕,500,500,
641,641,0x281,冥皇鄲陰,800,600,
642,642,0x282,黑龍解臾,900,650,
643,643,0x283,邪神饕餮,650,550,
644,644,0x284,二百塊,1400,1000,
645,645,0x285,二百塊,1200,1400,
646,646,0x286,二百塊,1000,1200,
647,647,0x287,紅衣鐵衛,370,300,
648,648,0x288,紅衣鐵衛,350,300,
649,649,0x289,,0,0,
650,650,0x28A,,0,0,
651,651,0x28B,,0,0,
652,652,0x28C,,0,0,
653,653,0x28D,,0,0,
654,654,0x28E,,0,0,
655,655,0x28F,,0,0,
656,656,0x290,,0,0,
657,657,0x291,,0,0,
658,658,0x292,,0,0,
659,659,0x293,,0,0,
660,660,0x294,,0,0,
661,661,0x295,,0,0,
662,662,0x296,,0,0,
663,663,0x297,,0,0,
664,664,0x298,,0,0,
665,665,0x299,,0,0,
666,666,0x29A,,0,0,
667,667,0x29B,,0,0,
668,668,0x29C,,0,0,
669,669,0x29D,,0,0,
670,670,0x29E,,0,0,
671,671,0x29F,,0,0,
672,672,0x2A0,,0,0,
673,673,0x2A1,,0,0,
674,674,0x2A2,,0,0,
675,675,0x2A3,,0,0,
676,676,0x2A4,,0,0,
677,677,0x2A5,,0,0,
678,678,0x2A6,,0,0,
679,679,0x2A7,,0,0,
680,680,0x2A8,,0,0,
681,681,0x2A9,,0,0,
682,682,0x2AA,,0,0,
683,683,0x2AB,,0,0,
684,684,0x2AC,,0,0,
685,685,0x2AD,,0,0,
686,686,0x2AE,,0,0,
687,687,0x2AF,,0,0,
688,688,0x2B0,,0,0,
689,689,0x2B1,,0,0,
690,690,0x2B2,,0,0,
691,691,0x2B3,,0,0,
692,692,0x2B4,,0,0,
693,693,0x2B5,,0,0,
694,694,0x2B6,,0,0,
695,695,0x2B7,,0,0,
696,696,0x2B8,,0,0,
697,697,0x2B9,,0,0,
698,698,0x2BA,,0,0,
699,699,0x2BB,,0,0,
