slot,FIRTTECH_ID,物理record_index,作者名称,machine_class,+0x20_raw,+0x90_raw,当前高层数值查询状态,作者说明
0,0x15A,346,非天死潭,1,0,900000,固化63关闭当前canonical静态直接额外数值consumer边界,
1,0x17C,380,封炎滅陣,2,0,420000,固化63关闭当前canonical静态直接额外数值consumer边界,炎獸封豨的絕技之一，能將敵方全體封入焚炎離火之陣中，以高熱將其焚炙致死。
2,0x1C2,450,反咒禁制,4,2,350000,已有固化59数值consumer,能為己方辟禦所有咒術的神妙禁制，在承受一定程度的術法之力或時限已至時便會消失。
3,0x1C9,457,閾迦封界,4,1,1000000,已有固化59数值consumer,幽神羅鍭的至高秘法，能張開難摧不破的「閾迦封界」，保護所有伙伴不受兵刃咒法之害。
4,0x1CA,458,鬼唳天幕,4,0,800000,已有固化59数值consumer,在敵陣中引聚幽魄為界，這幽魄之界會蔽光蝕靈，使敵人施展的神光和治癒咒術全都失效。
5,0x1CD,461,幽魄厲界,4,0,500000,固化63关闭当前canonical静态直接额外数值consumer边界,在敵陣中引聚幽魄為界，這幽魄之界會蔽光蝕靈，使敵人施展的神光和治癒咒術全都失效。
6,0x1CE,462,六甲神儀,4,1,800000,已有固化59数值consumer,能為己方辟禦所有兵刃武技之擊的神妙護界，在承受一定程度的攻擊或時限已至時便會消失。
7,0x1CF,463,時輪返陣,4,1,900000,已有固化59数值consumer,此咒能以玄機妙法操動時輪之律，在其時效內使己方全員蓄勁行動的速度增為原有的三倍。
8,0x1D1,465,鬼縛之陣,4,0,750000,已有固化59数值consumer,此咒可在敵陣之下引來怨厲鬼氣纏縛敵人，使其動作減慢並無法使用技法之外的一般攻擊。
